,PC1,PC2,Glucosidase (μg/ml),Amilase (μg/ml),DPPIV (μg/ml),AGEs (μg/ml)
AgNP1,70.42453249471413,-14.390321876838703,94.607932073007,55.1555981508626,20.9531013615734,15.8878504672897
AgNP2,-58.27710928305228,-2.3851735990231804,53.6227711165498,60.0030665440049,100,50.5050505050505
AgNP3,-55.3790087267881,-39.094357560038816,40.4226291065255,83.1824172086894,32.9761904761905,54.4871794871795
AgNP4,67.4690427516388,0.6931577742693386,100,100,45.1876019575856,48.0225988700565
AgNP5,-24.237457236512544,55.176695261631366,92.8591780041314,82.9110169491525,30.5335097001764,100
